<?xml version="1.0" encoding="UTF-8"?>
<configuration>
    <statusListener class="ch.qos.logback.core.status.NopStatusListener" />

    <!-- Send debug messages to System.out -->
    <appender name="STDOUT" class="ch.qos.logback.core.ConsoleAppender">
        <!-- By default, encoders are assigned the type ch.qos.logback.classic.encoder.PatternLayoutEncoder -->
        <encoder>
            <pattern>%d{HH:mm:ss.SSS} [%thread] %-5level %logger{5} - %msg%n</pattern>
        </encoder>
    </appender>

    <!-- Send debug messages to a file at "c:/jcg.log" -->
    <appender name="FILE" class="ch.qos.logback.core.rolling.RollingFileAppender">
        <file>act.log</file>
        <encoder class="ch.qos.logback.classic.encoder.PatternLayoutEncoder">
            <Pattern>%d{yyyy-MM-dd_HH:mm:ss.SSS} [%thread] %-5level %logger{36} - %msg%n</Pattern>
        </encoder>

        <rollingPolicy class="ch.qos.logback.core.rolling.FixedWindowRollingPolicy">
            <FileNamePattern>/jcg.%i.log.zip</FileNamePattern>
            <MinIndex>1</MinIndex>
            <MaxIndex>10</MaxIndex>
        </rollingPolicy>

        <triggeringPolicy
                class="ch.qos.logback.core.rolling.SizeBasedTriggeringPolicy">
            <MaxFileSize>20MB</MaxFileSize>
        </triggeringPolicy>
    </appender>

    <appender name="METRIC_FILE" class="ch.qos.logback.core.rolling.RollingFileAppender">
        <file>act.metric.log</file>
        <encoder class="ch.qos.logback.classic.encoder.PatternLayoutEncoder">
            <Pattern>%d{yyyy-MM-dd_HH:mm:ss.SSS} [%thread] %-5level %logger{36} - %msg%n</Pattern>
        </encoder>

        <rollingPolicy class="ch.qos.logback.core.rolling.FixedWindowRollingPolicy">
            <FileNamePattern>/jcg.%i.log.zip</FileNamePattern>
            <MinIndex>1</MinIndex>
            <MaxIndex>10</MaxIndex>
        </rollingPolicy>

        <triggeringPolicy class="ch.qos.logback.core.rolling.SizeBasedTriggeringPolicy">
            <MaxFileSize>200MB</MaxFileSize>
        </triggeringPolicy>
    </appender>

    <logger name="act" level="INFO" additivity="false">
        <appender-ref ref="FILE" />
        <appender-ref ref="STDOUT" />
    </logger>

    <logger name="metric.act" level="TRACE" additivity="false">
        <appender-ref ref="METRIC_FILE" />
    </logger>

    <!--
	<logger name="demo.helloworld.PersonController" level="DEBUG" additivity="false">
		<appender-ref ref="STDOUT" />
	</logger>
	 -->

    <!-- By default, the level of the root level is set to DEBUG -->
    <root level="INFO">
        <appender-ref ref="STDOUT" />
    </root>
</configuration>
